,RMSE,MAE,R2
RandomForest,0.22508803205838204,0.13559655701072273,0.9200734233391455
XGBoost,0.2105051420538247,0.12519961471753915,0.9300944235066411
