,RMSE,MAE,R2
RandomForest,0.6142073474122466,0.46720432784768456,0.45125261658925475
XGBoost,0.6217061696917482,0.47804762360655945,0.43777157058146
