,RMSE,MAE,R2
RandomForest,0.22506270397941028,0.1357570528233096,0.9200914098374042
XGBoost,0.21087683847843958,0.12539134962490822,0.9298473360225066
